traitor, age, job
Amol Rajan,42,Journalist & broadcaster
Bella Ramsey,22,Actor
Hannah Fry,42,Broadcaster & mathematician
James Acaster,41,Comedian & presenter
James Blunt,52,Singer-songwriter
Jerry Hall,69,Model & actress
Joanne McNally,42,Stand-up comedian
Joe Lycett,37,Comedian & presenter
Julie Hesmondhalgh,56,Actress
King Kenny,29,Social media personality
Leigh-Anne Pinnock,34,Singer
Maya Jama,31,Television presenter
Michael Sheen,57,Actor
Miranda Hart,53,Actress & comedian
Myha'la,30,Actress
Richard E. Grant,69,Actor
Rob Beckett,40,Comedian & presenter
Romesh Ranganathan,48,Comedian & presenter
Ross Kemp,61,Actor & television presenter
Sebastian Croft,24,Actor & singer-songwriter
Sharon Rooney,37,Actress